filename,class,xmin,ymin,xmax,ymax
dayClip2--00590.jpg,stop,1170,290,1203,344
dayClip2--00590.jpg,stop,830,206,860,260
dayClip2--00591.jpg,stop,1172,291,1205,336
dayClip2--00591.jpg,stop,826,201,865,264
dayClip2--00592.jpg,stop,1176,291,1206,336
dayClip2--00592.jpg,stop,828,204,861,253
dayClip2--00593.jpg,stop,1179,291,1206,336
dayClip2--00593.jpg,stop,825,199,864,262
dayClip2--00594.jpg,go,829,203,859,253
dayClip2--00595.jpg,go,832,190,859,255
dayClip2--00595.jpg,go,1178,292,1211,342
dayClip2--00611.jpg,go,832,159,868,229
dayClip2--00611.jpg,go,1216,264,1252,324
dayClip2--00612.jpg,go,833,170,866,225
dayClip2--00612.jpg,go,1222,275,1252,320
dayClip2--00613.jpg,go,832,157,868,227
dayClip2--00613.jpg,go,1222,267,1255,322
dayClip2--00614.jpg,go,833,164,866,224
dayClip2--00614.jpg,go,1226,273,1256,318
dayClip2--00615.jpg,go,832,150,871,225
dayClip2--00615.jpg,go,1226,262,1262,322
dayClip2--00616.jpg,go,836,162,866,222
dayClip2--00617.jpg,go,834,151,870,221
dayClip2--00618.jpg,go,835,160,868,220
dayClip2--00619.jpg,go,833,145,872,220
dayClip2--00620.jpg,go,834,157,870,217
dayClip2--00621.jpg,go,832,147,874,217
dayClip2--00622.jpg,go,838,156,868,216
dayClip2--00623.jpg,go,834,138,873,218
dayClip2--00624.jpg,go,837,154,870,214
dayClip2--00625.jpg,go,835,140,874,215
dayClip2--00626.jpg,go,836,153,872,213
dayClip2--00627.jpg,go,834,139,876,214
dayClip2--00628.jpg,go,839,150,872,210
dayClip2--00629.jpg,go,837,132,876,212
dayClip2--00630.jpg,go,838,143,874,208
dayClip2--00631.jpg,go,837,130,876,210
dayClip2--00632.jpg,go,838,143,874,208
dayClip2--00633.jpg,go,836,130,878,210
dayClip2--00634.jpg,go,841,143,874,208
dayClip2--00635.jpg,go,837,130,879,210
dayClip2--00636.jpg,go,840,147,876,207
dayClip2--00637.jpg,go,838,129,880,209
dayClip2--00638.jpg,go,840,144,876,204
dayClip2--00639.jpg,go,838,123,880,208
dayClip2--00640.jpg,go,841,144,877,204
dayClip4--00010.jpg,go,841,378,856,398
dayClip4--00010.jpg,go,639,301,654,331
dayClip4--00010.jpg,go,716,305,734,335
dayClip4--00010.jpg,go,377,358,392,383
dayClip4--00011.jpg,go,844,371,856,396
dayClip4--00011.jpg,go,638,306,653,326
dayClip4--00011.jpg,go,717,310,732,330
dayClip4--00011.jpg,go,376,356,388,381
dayClip4--00012.jpg,go,846,371,858,396
dayClip4--00012.jpg,go,371,360,386,380
dayClip4--00012.jpg,go,636,297,654,327
dayClip4--00012.jpg,go,716,305,734,330
dayClip4--00013.jpg,go,845,378,860,398
dayClip4--00013.jpg,go,637,303,652,328
dayClip4--00013.jpg,go,720,312,732,332
dayClip4--00013.jpg,go,370,362,382,382
dayClip4--00014.jpg,go,847,374,862,399
dayClip4--00014.jpg,go,635,295,653,330
dayClip4--00014.jpg,go,720,307,732,332
dayClip4--00014.jpg,go,365,355,380,385
dayClip4--00015.jpg,go,850,380,862,400
dayClip4--00015.jpg,go,720,312,732,332
dayClip4--00015.jpg,go,363,364,375,384
dayClip4--00015.jpg,go,636,304,651,329
dayClip4--00016.jpg,go,848,377,866,402
dayClip4--00016.jpg,go,720,309,732,334
dayClip4--00016.jpg,go,358,362,373,387
dayClip4--00016.jpg,go,635,301,650,331
dayClip4--00017.jpg,go,851,384,866,404
dayClip4--00017.jpg,go,720,315,732,335
dayClip4--00017.jpg,go,357,369,369,389
dayClip4--00017.jpg,go,635,304,650,334
dayClip4--00018.jpg,go,854,382,866,407
dayClip4--00018.jpg,go,632,305,650,335
dayClip4--00018.jpg,go,720,317,732,337
dayClip4--00018.jpg,go,348,364,369,394
dayClip4--00019.jpg,go,854,383,869,408
dayClip4--00019.jpg,go,634,309,646,334
dayClip4--00019.jpg,go,348,369,363,394
dayClip4--00019.jpg,go,720,317,732,337
dayClip4--00020.jpg,go,854,383,872,408
dayClip4--00020.jpg,go,630,300,648,335
dayClip4--00020.jpg,go,343,365,361,395
dayClip4--00020.jpg,go,719,309,734,339
dayClip4--00021.jpg,go,856,386,874,406
dayClip4--00021.jpg,go,632,307,647,332
dayClip4--00021.jpg,go,341,372,356,392
dayClip4--00021.jpg,go,719,311,734,336
dayClip4--00022.jpg,go,858,379,876,404
dayClip4--00022.jpg,go,336,356,354,391
dayClip4--00022.jpg,go,718,307,736,332
dayClip4--00022.jpg,go,632,300,647,330
dayClip4--00023.jpg,go,862,380,877,400
dayClip4--00023.jpg,go,334,364,349,384
dayClip4--00023.jpg,go,721,302,736,327
dayClip4--00023.jpg,go,630,295,648,325
dayClip4--00024.jpg,go,862,372,880,397
dayClip4--00024.jpg,go,720,294,738,324
dayClip4--00024.jpg,go,630,285,648,320
dayClip4--00024.jpg,go,328,347,346,382
dayClip4--00025.jpg,go,864,369,882,394
dayClip4--00025.jpg,go,722,294,737,319
dayClip4--00025.jpg,go,631,286,646,316
dayClip4--00025.jpg,go,328,352,340,377
dayClip4--00026.jpg,go,866,365,884,395
dayClip4--00026.jpg,go,720,289,738,319
dayClip4--00026.jpg,go,628,276,646,316
dayClip4--00026.jpg,go,320,342,338,377
dayClip4--00027.jpg,go,868,368,886,393
dayClip4--00027.jpg,go,724,291,736,316
dayClip4--00027.jpg,go,320,354,332,374
dayClip4--00027.jpg,go,629,283,644,313
dayClip4--00028.jpg,go,870,369,888,394
dayClip4--00028.jpg,go,312,338,330,378
dayClip4--00028.jpg,go,627,274,645,314
dayClip4--00028.jpg,go,720,282,741,317
dayClip4--00029.jpg,go,874,367,889,397
dayClip4--00029.jpg,go,628,283,643,313
dayClip4--00029.jpg,go,722,292,740,317
dayClip4--00029.jpg,go,310,351,325,376
dayClip4--00030.jpg,go,875,371,893,396
dayClip4--00030.jpg,go,625,274,646,314
dayClip4--00030.jpg,go,303,342,324,377
dayClip4--00030.jpg,go,721,291,742,316
dayClip4--00031.jpg,go,877,370,895,395
dayClip4--00031.jpg,go,626,281,644,311
dayClip4--00031.jpg,go,300,350,318,375
dayClip4--00031.jpg,go,725,294,740,314
dayClip4--00032.jpg,go,880,366,898,396
dayClip4--00032.jpg,go,624,270,645,310
dayClip4--00032.jpg,go,294,340,315,375
dayClip4--00032.jpg,go,724,280,742,315
dayClip4--00033.jpg,go,882,368,900,393
dayClip4--00033.jpg,go,626,276,641,306
dayClip4--00033.jpg,go,291,342,309,372
dayClip4--00033.jpg,go,724,285,742,310
dayClip4--00034.jpg,go,883,365,904,395
dayClip4--00034.jpg,go,624,267,642,307
dayClip4--00034.jpg,go,283,333,307,373
dayClip4--00034.jpg,go,724,281,745,311
dayClip4--00035.jpg,go,887,370,905,395
dayClip4--00035.jpg,go,624,275,642,305
dayClip4--00035.jpg,go,282,341,300,371
dayClip4--00035.jpg,go,726,284,744,309
dayClip4--00036.jpg,go,890,367,908,397
dayClip4--00036.jpg,go,620,266,644,306
dayClip4--00036.jpg,go,274,333,298,373
dayClip4--00036.jpg,go,724,280,748,310
dayClip4--00037.jpg,go,893,371,911,396
dayClip4--00037.jpg,go,623,273,641,303
dayClip4--00037.jpg,go,272,340,290,370
dayClip4--00037.jpg,go,728,283,746,308
dayClip4--00038.jpg,go,894,365,915,395
dayClip4--00038.jpg,go,620,257,641,302
dayClip4--00038.jpg,go,264,330,285,370
dayClip4--00038.jpg,go,727,268,748,308
dayClip4--00039.jpg,go,897,365,918,395
dayClip4--00039.jpg,go,622,263,640,298
dayClip4--00039.jpg,go,260,337,281,367
dayClip4--00039.jpg,go,729,278,747,303
dayClip4--00040.jpg,go,898,357,922,392
dayClip4--00040.jpg,go,618,251,639,296
dayClip4--00040.jpg,go,252,321,276,366
dayClip4--00040.jpg,go,726,262,750,302
dayClip4--00041.jpg,go,904,365,922,395
dayClip4--00041.jpg,go,620,260,638,295
dayClip4--00041.jpg,go,250,330,268,365
dayClip4--00041.jpg,go,730,271,748,301
dayClip4--00042.jpg,go,905,354,926,394
dayClip4--00042.jpg,go,615,249,639,294
dayClip4--00042.jpg,go,240,322,264,367
dayClip4--00042.jpg,go,729,263,750,298
dayClip4--00043.jpg,go,906,361,930,391
dayClip4--00043.jpg,go,616,261,634,291
dayClip4--00043.jpg,go,235,331,256,366
dayClip4--00043.jpg,go,730,267,748,297
dayClip4--00044.jpg,go,909,363,933,393
dayClip4--00044.jpg,go,614,244,635,294
dayClip4--00044.jpg,go,226,322,253,367
dayClip4--00044.jpg,go,728,262,752,297
dayClip4--00045.jpg,go,912,355,936,390
dayClip4--00045.jpg,go,614,251,632,286
dayClip4--00045.jpg,go,222,327,243,362
dayClip4--00045.jpg,go,728,262,752,292
dayClip4--00046.jpg,go,917,356,938,391
dayClip4--00046.jpg,go,610,242,634,287
dayClip4--00046.jpg,go,212,315,239,365
dayClip4--00046.jpg,go,727,253,754,293
dayClip4--00047.jpg,go,918,355,942,390
dayClip4--00047.jpg,go,612,245,630,285
dayClip4--00047.jpg,go,207,323,231,363
dayClip4--00047.jpg,go,731,259,752,289
dayClip4--00048.jpg,go,921,354,945,389
dayClip4--00048.jpg,go,607,233,631,283
dayClip4--00048.jpg,go,196,304,226,364
dayClip4--00048.jpg,go,729,244,753,289
dayClip4--00049.jpg,go,924,358,948,388
dayClip4--00049.jpg,go,608,240,626,280
dayClip4--00049.jpg,go,191,320,215,360
dayClip4--00049.jpg,go,730,250,751,285
dayClip4--00050.jpg,go,927,348,951,388
dayClip4--00050.jpg,go,602,227,629,277
dayClip4--00050.jpg,go,181,309,208,359
dayClip4--00050.jpg,go,727,238,754,283
dayClip4--00051.jpg,go,930,350,954,385
dayClip4--00051.jpg,go,602,236,626,271
dayClip4--00051.jpg,go,176,319,197,354
dayClip4--00051.jpg,go,731,247,752,277
dayClip4--00052.jpg,go,934,346,958,386
dayClip4--00052.jpg,go,599,222,626,272
dayClip4--00052.jpg,go,163,301,193,356
dayClip4--00052.jpg,go,730,233,754,278
dayClip4--00053.jpg,go,938,346,962,386
dayClip4--00053.jpg,go,600,229,621,269
dayClip4--00053.jpg,go,158,310,182,355
dayClip4--00053.jpg,go,730,236,754,276
dayClip4--00054.jpg,go,938,351,968,386
dayClip4--00054.jpg,go,595,215,622,270
dayClip4--00054.jpg,go,144,307,177,357
dayClip4--00054.jpg,go,729,231,756,276
dayClip4--00055.jpg,go,944,351,971,386
dayClip4--00055.jpg,go,597,222,618,267
dayClip4--00055.jpg,go,138,315,165,355
dayClip4--00055.jpg,go,729,234,756,274
dayClip5--00029.jpg,go,662,394,674,414
dayClip5--00029.jpg,go,749,420,761,445
dayClip5--00029.jpg,warning,762,349,783,371
dayClip5--00029.jpg,warning,844,363,859,394
dayClip5--00029.jpg,warning,936,406,951,437
dayClip5--00029.jpg,warningLeft,303,436,315,454
dayClip5--00029.jpg,warningLeft,689,346,707,373
dayClip5--00030.jpg,go,661,394,673,414
dayClip5--00030.jpg,go,747,423,762,443
dayClip5--00030.jpg,warning,760,336,784,381
dayClip5--00030.jpg,warning,843,354,861,399
dayClip5--00030.jpg,warning,933,402,954,438
dayClip5--00030.jpg,warningLeft,300,430,315,457
dayClip5--00030.jpg,warningLeft,687,345,708,372
dayClip5--00031.jpg,go,660,393,672,413
dayClip5--00031.jpg,go,748,423,760,443
dayClip5--00031.jpg,warning,762,338,783,378
dayClip5--00031.jpg,warning,844,353,862,398
dayClip5--00031.jpg,warning,933,398,954,438
dayClip5--00031.jpg,warningLeft,297,424,315,460
dayClip5--00031.jpg,warningLeft,688,346,706,368
dayClip5--00032.jpg,go,660,391,672,411
dayClip5--00032.jpg,go,748,420,760,440
dayClip5--00032.jpg,warning,758,334,785,379
dayClip5--00032.jpg,warning,842,360,863,387
dayClip5--00032.jpg,warning,929,390,959,444
dayClip5--00032.jpg,warningLeft,296,425,314,456
dayClip5--00032.jpg,warningLeft,686,339,707,370
dayClip5--00033.jpg,go,660,390,672,410
dayClip5--00033.jpg,go,748,415,760,440
dayClip5--00033.jpg,warning,760,332,784,377
dayClip5--00033.jpg,warning,842,354,863,390
dayClip5--00033.jpg,warning,938,406,953,428
dayClip5--00033.jpg,warningLeft,294,424,312,455
dayClip5--00033.jpg,warningLeft,689,343,704,365
dayClip5--00034.jpg,go,660,384,672,409
dayClip5--00034.jpg,warning,762,330,783,375
dayClip5--00034.jpg,warning,842,348,863,393
dayClip5--00034.jpg,warning,937,399,955,430
dayClip5--00034.jpg,warningLeft,290,417,314,457
dayClip5--00034.jpg,warningLeft,682,318,712,376
dayClip5--00035.jpg,go,659,388,671,408
dayClip5--00035.jpg,go,748,418,760,438
dayClip5--00035.jpg,warning,761,332,782,372
dayClip5--00035.jpg,warning,844,347,862,392
dayClip5--00035.jpg,warning,938,398,956,429
dayClip5--00035.jpg,warningLeft,294,427,306,449
dayClip5--00035.jpg,warningLeft,680,326,713,371
dayClip5--00036.jpg,go,659,386,671,406
dayClip5--00036.jpg,go,748,412,760,437
dayClip5--00036.jpg,warning,758,328,785,373
dayClip5--00036.jpg,warning,845,343,863,392
dayClip5--00036.jpg,warning,937,392,958,432
dayClip5--00036.jpg,warningLeft,292,423,304,450
dayClip5--00036.jpg,warningLeft,685,333,706,364
dayClip5--00037.jpg,go,658,386,670,406
dayClip5--00037.jpg,go,747,411,759,436
dayClip5--00037.jpg,warning,758,326,785,371
dayClip5--00037.jpg,warning,841,344,865,389
dayClip5--00037.jpg,warning,939,396,957,427
dayClip5--00037.jpg,warningLeft,291,428,303,446
dayClip5--00037.jpg,warningLeft,687,337,702,359
dayClip5--00038.jpg,go,658,384,670,404
dayClip5--00038.jpg,go,748,410,760,435
dayClip5--00038.jpg,warning,758,324,785,369
dayClip5--00038.jpg,warning,844,340,865,389
dayClip5--00038.jpg,warning,938,392,959,428
dayClip5--00038.jpg,warningLeft,283,413,307,453
dayClip5--00038.jpg,warningLeft,683,327,707,363
dayClip5--00039.jpg,go,658,384,670,404
dayClip5--00039.jpg,go,747,414,759,434
dayClip5--00039.jpg,warning,760,324,784,369
dayClip5--00039.jpg,warning,846,344,864,384
dayClip5--00039.jpg,warning,941,394,959,425
dayClip5--00039.jpg,warningLeft,288,426,300,444
dayClip5--00039.jpg,warningLeft,687,335,702,357
dayClip5--00040.jpg,go,658,379,670,404
dayClip5--00040.jpg,go,748,409,760,434
dayClip5--00040.jpg,warning,759,322,786,367
dayClip5--00040.jpg,warning,842,338,869,387
dayClip5--00040.jpg,warning,942,388,960,428
dayClip5--00040.jpg,warningLeft,281,417,302,448
dayClip5--00040.jpg,warningLeft,686,328,704,359
dayClip5--00041.jpg,go,658,382,670,402
dayClip5--00041.jpg,go,748,413,760,433
dayClip5--00041.jpg,warning,762,322,783,367
dayClip5--00041.jpg,warning,846,344,867,380
dayClip5--00041.jpg,warning,943,395,961,422
dayClip5--00041.jpg,warningLeft,286,425,298,443
dayClip5--00041.jpg,warningLeft,682,321,709,361
dayClip5--00042.jpg,go,658,382,670,402
dayClip5--00042.jpg,go,748,412,760,432
dayClip5--00042.jpg,warning,764,320,785,365
dayClip5--00042.jpg,warning,849,336,867,385
dayClip5--00042.jpg,warning,944,389,962,425
dayClip5--00042.jpg,warningLeft,278,407,302,456
dayClip5--00042.jpg,warningLeft,685,326,706,357
dayClip5--00043.jpg,go,658,382,670,402
dayClip5--00043.jpg,go,748,412,760,432
dayClip5--00043.jpg,warning,760,320,787,365
dayClip5--00043.jpg,warning,848,336,869,385
dayClip5--00043.jpg,warning,948,389,963,425
dayClip5--00043.jpg,warningLeft,282,422,297,444
dayClip5--00043.jpg,warningLeft,685,328,706,355
dayClip5--00044.jpg,go,658,382,670,402
dayClip5--00044.jpg,go,744,400,765,435
dayClip5--00044.jpg,warning,758,314,791,368
dayClip5--00044.jpg,warning,848,341,869,381
dayClip5--00044.jpg,warning,947,386,965,426
dayClip5--00044.jpg,warningLeft,280,419,295,446
dayClip5--00044.jpg,warningLeft,685,325,706,356
dayClip5--00045.jpg,go,658,382,670,402
dayClip5--00045.jpg,go,749,412,761,432
dayClip5--00045.jpg,warning,764,322,785,362
dayClip5--00045.jpg,warning,851,338,869,383
dayClip5--00045.jpg,warning,947,391,965,422
dayClip5--00045.jpg,warningLeft,278,425,293,443
dayClip5--00045.jpg,warningLeft,686,324,704,355
dayClip5--00046.jpg,go,659,378,671,403
dayClip5--00046.jpg,go,750,409,762,434
dayClip5--00046.jpg,warning,759,314,792,368
dayClip5--00046.jpg,warning,849,336,873,385
dayClip5--00046.jpg,warning,950,389,968,425
dayClip5--00046.jpg,warningLeft,275,412,296,452
dayClip5--00046.jpg,warningLeft,682,314,712,363
dayClip5--00047.jpg,go,659,384,671,404
dayClip5--00047.jpg,go,750,409,762,434
dayClip5--00047.jpg,warning,763,320,790,365
dayClip5--00047.jpg,warning,854,339,872,384
dayClip5--00047.jpg,warning,950,390,971,426
dayClip5--00047.jpg,warningLeft,270,410,297,455
dayClip5--00047.jpg,warningLeft,683,325,710,356
dayClip5--00048.jpg,go,660,378,672,403
dayClip5--00048.jpg,go,749,413,764,433
dayClip5--00048.jpg,warning,765,317,789,366
dayClip5--00048.jpg,warning,851,338,875,383
dayClip5--00048.jpg,warning,951,392,972,423
dayClip5--00048.jpg,warningLeft,272,417,293,448
dayClip5--00048.jpg,warningLeft,683,313,710,362
dayClip5--00049.jpg,go,660,378,672,403
dayClip5--00049.jpg,go,749,413,764,433
dayClip5--00049.jpg,warning,763,317,790,366
dayClip5--00049.jpg,warning,851,338,875,383
dayClip5--00049.jpg,warning,952,393,973,424
dayClip5--00049.jpg,warningLeft,265,411,295,456
dayClip5--00049.jpg,warningLeft,682,319,712,359
dayClip5--00050.jpg,go,660,378,672,403
dayClip5--00050.jpg,go,749,413,764,433
dayClip5--00050.jpg,warning,764,314,791,368
dayClip5--00050.jpg,warning,851,338,875,383
dayClip5--00050.jpg,warning,957,387,972,427
dayClip5--00050.jpg,warningLeft,272,422,284,449
dayClip5--00050.jpg,warningLeft,680,318,710,358
dayClip5--00061.jpg,go,658,384,670,404
dayClip5--00061.jpg,go,751,410,766,435
dayClip5--00061.jpg,warning,768,308,795,362
dayClip5--00061.jpg,warning,862,330,886,379
dayClip5--00061.jpg,warning,970,387,988,423
dayClip5--00061.jpg,warningLeft,685,316,709,352
dayClip5--00062.jpg,go,657,384,672,404
dayClip5--00062.jpg,go,752,407,767,437
dayClip5--00062.jpg,warning,770,308,797,362
dayClip5--00062.jpg,warning,864,330,888,379
dayClip5--00062.jpg,warning,972,382,993,427
dayClip5--00062.jpg,warningLeft,680,304,716,358
dayClip5--00063.jpg,go,658,384,670,404
dayClip5--00063.jpg,go,754,415,766,435
dayClip5--00063.jpg,warning,770,312,797,357
dayClip5--00063.jpg,warning,868,330,886,379
dayClip5--00063.jpg,warning,976,384,994,424
dayClip5--00063.jpg,warningLeft,683,312,710,352
dayClip5--00064.jpg,go,659,378,671,403
dayClip5--00064.jpg,go,754,412,766,432
dayClip5--00064.jpg,warning,769,306,799,360
dayClip5--00064.jpg,warning,866,328,890,377
dayClip5--00064.jpg,warning,978,381,996,426
dayClip5--00064.jpg,warningLeft,687,318,708,345
dayClip5--00065.jpg,go,658,382,670,402
dayClip5--00065.jpg,go,754,412,766,432
dayClip5--00065.jpg,warning,773,318,797,345
dayClip5--00065.jpg,warning,869,335,890,366
dayClip5--00065.jpg,warning,978,388,996,419
dayClip5--00065.jpg,warningLeft,680,309,716,349
dayClip5--00066.jpg,go,657,378,672,403
dayClip5--00066.jpg,go,753,406,768,436
dayClip5--00066.jpg,warning,772,304,799,358
dayClip5--00066.jpg,warning,871,324,892,378
dayClip5--00066.jpg,warning,979,383,1000,423
dayClip5--00066.jpg,warningLeft,687,314,708,345
dayClip5--00067.jpg,go,659,382,671,402
dayClip5--00067.jpg,go,754,413,769,433
dayClip5--00067.jpg,warning,774,308,798,353
dayClip5--00067.jpg,warning,870,326,894,375
dayClip5--00067.jpg,warning,983,382,1001,422
dayClip5--00067.jpg,warningLeft,689,316,707,343
dayClip5--00068.jpg,go,658,382,670,402
dayClip5--00068.jpg,go,756,409,768,434
dayClip5--00068.jpg,warning,778,302,799,356
dayClip5--00068.jpg,warning,869,326,896,375
dayClip5--00068.jpg,warning,981,382,1005,422
dayClip5--00068.jpg,warningLeft,686,310,710,346
dayClip5--00069.jpg,go,659,378,671,403
dayClip5--00069.jpg,go,754,410,769,435
dayClip5--00069.jpg,warning,774,302,801,356
dayClip5--00069.jpg,warning,872,323,896,377
dayClip5--00069.jpg,warning,983,380,1007,425
dayClip5--00069.jpg,warningLeft,680,309,716,345
dayClip5--00070.jpg,go,657,378,672,403
dayClip5--00070.jpg,go,756,410,768,435
dayClip5--00070.jpg,warning,769,292,805,364
dayClip5--00070.jpg,warning,873,325,897,374
dayClip5--00070.jpg,warning,986,382,1007,422
dayClip5--00070.jpg,warningLeft,681,306,714,346
dayClip5--00071.jpg,go,658,383,670,403
dayClip5--00071.jpg,go,756,410,768,435
dayClip5--00071.jpg,warning,775,311,802,342
dayClip5--00071.jpg,warning,872,321,902,375
dayClip5--00071.jpg,warning,988,387,1009,418
dayClip5--00071.jpg,warningLeft,687,314,708,341
dayClip5--00072.jpg,go,657,375,672,405
dayClip5--00072.jpg,go,757,413,769,433
dayClip5--00072.jpg,warning,772,300,808,354
dayClip5--00072.jpg,warning,876,324,900,373
dayClip5--00072.jpg,warning,984,374,1017,428
dayClip5--00072.jpg,warningLeft,686,308,710,344
dayClip5--00073.jpg,go,659,383,671,403
dayClip5--00073.jpg,go,757,411,769,436
dayClip5--00073.jpg,warning,778,308,805,344
dayClip5--00073.jpg,warning,878,324,902,373
dayClip5--00073.jpg,warning,992,388,1013,419
dayClip5--00073.jpg,warningLeft,688,311,709,342
dayClip5--00074.jpg,go,658,382,670,402
dayClip5--00074.jpg,go,758,410,770,435
dayClip5--00074.jpg,warning,783,298,804,352
dayClip5--00074.jpg,warning,882,315,903,378
dayClip5--00074.jpg,warning,995,384,1016,420
dayClip5--00074.jpg,warningLeft,220,421,238,443
dayClip5--00074.jpg,warningLeft,682,304,718,340
dayClip5--00075.jpg,go,659,381,671,401
dayClip5--00075.jpg,go,758,409,770,434
dayClip5--00075.jpg,warning,777,296,807,350
dayClip5--00075.jpg,warning,880,325,904,365
dayClip5--00075.jpg,warning,997,383,1018,419
dayClip5--00075.jpg,warningLeft,220,421,232,443
dayClip5--00075.jpg,warningLeft,688,307,709,338
dayClip5--00076.jpg,go,659,375,671,400
dayClip5--00076.jpg,go,758,410,770,430
dayClip5--00076.jpg,warning,779,294,809,348
dayClip5--00076.jpg,warning,888,313,906,371
dayClip5--00076.jpg,warning,1001,376,1022,421
dayClip5--00076.jpg,warningLeft,214,418,235,436
dayClip5--00076.jpg,warningLeft,682,296,718,341
dayClip5--00077.jpg,go,659,379,671,399
dayClip5--00077.jpg,go,757,403,772,433
dayClip5--00077.jpg,warning,782,290,809,348
dayClip5--00077.jpg,warning,875,309,914,372
dayClip5--00077.jpg,warning,1003,378,1024,418
dayClip5--00077.jpg,warningLeft,212,413,233,444
dayClip5--00077.jpg,warningLeft,678,291,726,340
dayClip5--00078.jpg,go,660,374,672,399
dayClip5--00078.jpg,go,760,407,772,432
dayClip5--00078.jpg,warning,781,292,811,346
dayClip5--00078.jpg,warning,876,297,918,382
dayClip5--00078.jpg,warning,1004,378,1028,418
dayClip5--00078.jpg,warningLeft,206,405,233,450
dayClip5--00078.jpg,warningLeft,688,300,712,336
dayClip5--00079.jpg,go,659,376,671,401
dayClip5--00079.jpg,go,760,405,772,435
dayClip5--00079.jpg,warning,780,292,813,346
dayClip5--00079.jpg,warning,877,303,919,379
dayClip5--00079.jpg,warning,1006,379,1030,419
dayClip5--00079.jpg,warningLeft,208,414,226,445
dayClip5--00079.jpg,warningLeft,688,292,709,341
dayClip5--00080.jpg,go,660,382,672,402
dayClip5--00080.jpg,go,759,407,774,437
dayClip5--00080.jpg,warning,784,295,811,344
dayClip5--00080.jpg,warning,884,303,917,379
dayClip5--00080.jpg,warning,1011,378,1032,423
dayClip5--00080.jpg,warningLeft,202,407,226,452
dayClip5--00080.jpg,warningLeft,682,301,721,332
dayClip5--00081.jpg,go,660,383,672,403
dayClip5--00081.jpg,go,760,408,775,438
dayClip5--00081.jpg,warning,784,294,814,348
dayClip5--00081.jpg,warning,886,313,922,371
dayClip5--00081.jpg,warning,1012,384,1036,420
dayClip5--00081.jpg,warningLeft,202,416,223,447
dayClip5--00081.jpg,warningLeft,685,302,718,333
dayClip5--00082.jpg,go,662,382,674,402
dayClip5--00082.jpg,go,761,408,776,438
dayClip5--00082.jpg,warning,786,288,819,351
dayClip5--00082.jpg,warning,892,314,922,372
dayClip5--00082.jpg,warning,1019,378,1040,423
dayClip5--00082.jpg,warningLeft,196,405,226,454
dayClip5--00082.jpg,warningLeft,689,302,719,329
dayClip11--00100.jpg,stop,126,251,153,296
dayClip11--00100.jpg,stop,240,262,264,298
dayClip11--00100.jpg,stop,407,356,425,374
dayClip11--00101.jpg,stop,125,248,158,302
dayClip11--00101.jpg,stop,245,262,266,293
dayClip11--00101.jpg,stop,409,353,430,380
dayClip11--00102.jpg,stop,124,249,157,303
dayClip11--00102.jpg,stop,247,262,271,293
dayClip11--00102.jpg,stop,415,353,430,380
dayClip11--00103.jpg,stop,135,249,159,294
dayClip11--00103.jpg,stop,251,261,272,297
dayClip11--00103.jpg,stop,415,353,436,375
dayClip11--00104.jpg,stop,133,240,169,312
dayClip11--00104.jpg,stop,254,260,275,296
dayClip11--00104.jpg,stop,420,353,438,375
dayClip11--00116.jpg,stop,160,245,187,290
dayClip11--00116.jpg,stop,277,256,301,292
dayClip11--00116.jpg,stop,444,352,468,370
dayClip11--00117.jpg,stop,160,245,190,290
dayClip11--00117.jpg,stop,279,256,303,292
dayClip11--00117.jpg,stop,446,351,470,378
dayClip11--00118.jpg,stop,160,243,193,292
dayClip11--00118.jpg,stop,280,256,304,292
dayClip11--00118.jpg,stop,450,349,468,376
dayClip11--00119.jpg,stop,162,246,192,282
dayClip11--00119.jpg,stop,283,256,304,292
dayClip11--00119.jpg,stop,452,352,470,370
dayClip11--00120.jpg,stop,168,245,192,285
dayClip11--00120.jpg,stop,283,256,307,292
dayClip11--00120.jpg,stop,450,349,474,376
dayClip11--00121.jpg,stop,167,242,194,291
dayClip11--00121.jpg,stop,286,256,307,292
dayClip11--00121.jpg,stop,454,349,472,376
dayClip11--00122.jpg,stop,162,246,198,282
dayClip11--00122.jpg,stop,287,253,308,298
dayClip11--00122.jpg,stop,452,349,476,376
dayClip11--00123.jpg,stop,168,246,195,282
dayClip11--00123.jpg,stop,286,255,310,291
dayClip11--00123.jpg,stop,456,349,474,376
dayClip11--00124.jpg,stop,168,244,198,289
dayClip11--00124.jpg,stop,289,256,310,292
dayClip11--00124.jpg,stop,454,349,478,376
dayClip11--00125.jpg,stop,172,245,196,285
dayClip11--00125.jpg,stop,288,256,312,292
dayClip11--00125.jpg,stop,458,350,476,372
dayClip11--00126.jpg,stop,171,246,198,282
dayClip11--00126.jpg,stop,289,256,313,292
dayClip11--00126.jpg,stop,456,349,480,376
dayClip11--00127.jpg,stop,170,242,200,296
dayClip11--00127.jpg,stop,290,256,314,292
dayClip11--00127.jpg,stop,460,352,478,370
dayClip11--00128.jpg,stop,170,242,200,296
dayClip11--00128.jpg,stop,290,256,314,292
dayClip11--00128.jpg,stop,460,352,478,370
dayClip11--00129.jpg,stop,170,242,200,296
dayClip11--00129.jpg,stop,290,256,314,292
dayClip11--00129.jpg,stop,460,352,478,370
dayClip11--00130.jpg,stop,170,242,200,296
dayClip11--00130.jpg,stop,290,256,314,292
dayClip11--00130.jpg,stop,460,352,478,370
dayClip11--00131.jpg,stop,170,242,200,296
dayClip11--00131.jpg,stop,290,256,314,292
dayClip11--00131.jpg,stop,460,352,478,370
dayClip11--00132.jpg,stop,175,245,202,285
dayClip11--00132.jpg,stop,294,256,318,292
dayClip11--00132.jpg,stop,464,351,482,378
dayClip11--00133.jpg,stop,175,245,202,285
dayClip11--00133.jpg,stop,294,256,318,292
dayClip11--00133.jpg,stop,464,351,482,378
dayClip11--00134.jpg,stop,175,245,202,285
dayClip11--00134.jpg,stop,294,256,318,292
dayClip11--00134.jpg,stop,464,351,482,378
dayClip11--00135.jpg,stop,177,243,204,288
dayClip11--00135.jpg,stop,296,254,317,290
dayClip11--00135.jpg,stop,466,349,484,376
dayClip11--00136.jpg,stop,177,243,204,288
dayClip11--00136.jpg,stop,296,254,317,290
dayClip11--00136.jpg,stop,466,349,484,376
dayClip11--00137.jpg,stop,177,243,204,288
dayClip11--00137.jpg,stop,296,254,317,290
dayClip11--00137.jpg,stop,466,349,484,376
dayClip11--00138.jpg,stop,177,243,204,288
dayClip11--00138.jpg,stop,296,254,317,290
dayClip11--00138.jpg,stop,466,349,484,376
dayClip11--00139.jpg,stop,177,243,204,288
dayClip11--00139.jpg,stop,296,254,317,290
dayClip11--00139.jpg,stop,466,349,484,376
dayClip11--00140.jpg,stop,177,243,204,288
dayClip11--00140.jpg,stop,296,254,317,290
dayClip11--00140.jpg,stop,466,349,484,376
dayClip11--00141.jpg,stop,177,243,204,288
dayClip11--00141.jpg,stop,296,254,317,290
dayClip11--00141.jpg,stop,466,349,484,376
dayClip11--00142.jpg,stop,182,245,206,281
dayClip11--00142.jpg,stop,298,254,322,290
dayClip11--00142.jpg,stop,470,349,488,376
dayClip11--00143.jpg,stop,182,245,206,281
dayClip11--00143.jpg,stop,298,254,322,290
dayClip11--00143.jpg,stop,470,349,488,376
dayClip11--00144.jpg,stop,182,245,206,281
dayClip11--00144.jpg,stop,298,254,322,290
dayClip11--00144.jpg,stop,470,349,488,376
dayClip11--00145.jpg,stop,182,245,206,281
dayClip11--00145.jpg,stop,298,254,322,290
dayClip11--00145.jpg,stop,470,349,488,376
dayClip11--00146.jpg,stop,182,245,206,281
dayClip11--00146.jpg,stop,298,254,322,290
dayClip11--00146.jpg,stop,470,349,488,376
dayClip11--00147.jpg,stop,182,245,206,281
dayClip11--00147.jpg,stop,298,254,322,290
dayClip11--00147.jpg,stop,470,349,488,376
dayClip11--00148.jpg,stop,182,245,206,281
dayClip11--00148.jpg,stop,298,254,322,290
dayClip11--00148.jpg,stop,470,349,488,376
dayClip11--00149.jpg,stop,182,245,206,281
dayClip11--00149.jpg,stop,298,254,322,290
dayClip11--00149.jpg,stop,470,349,488,376
dayClip11--00150.jpg,stop,183,245,210,281
dayClip11--00150.jpg,stop,302,254,326,290
dayClip11--00150.jpg,stop,470,349,494,376
dayClip13--00165.jpg,warning,612,244,636,280
dayClip13--00165.jpg,warning,513,239,537,270
dayClip13--00165.jpg,warning,808,330,829,361
dayClip13--00166.jpg,warning,614,242,641,278
dayClip13--00166.jpg,warning,510,230,534,266
dayClip13--00166.jpg,warning,813,327,831,358
dayClip13--00167.jpg,warning,613,243,643,270
dayClip13--00167.jpg,warning,510,231,537,262
dayClip13--00167.jpg,warning,815,325,836,356
dayClip13--00168.jpg,warning,612,234,645,270
dayClip13--00168.jpg,warning,506,220,536,265
dayClip13--00168.jpg,warning,818,323,839,354
dayClip13--00169.jpg,warning,508,222,532,258
dayClip13--00169.jpg,warning,822,315,843,355
dayClip13--00169.jpg,warning,616,238,640,265
dayClip13--00170.jpg,warning,504,212,534,257
dayClip13--00170.jpg,warning,617,231,641,262
dayClip13--00170.jpg,warning,827,322,845,349
dayClip13--00171.jpg,warning,507,219,531,250
dayClip13--00171.jpg,warning,612,223,648,263
dayClip13--00171.jpg,warning,832,316,850,352
dayClip13--00172.jpg,warning,834,313,855,344
dayClip13--00172.jpg,warning,613,214,646,263
dayClip13--00172.jpg,warning,503,204,530,249
dayClip13--00173.jpg,warning,839,313,860,344
dayClip13--00173.jpg,warning,619,214,646,259
dayClip13--00173.jpg,warning,505,213,529,240
dayClip13--00174.jpg,warning,846,316,864,347
dayClip13--00174.jpg,warning,618,214,651,259
dayClip13--00174.jpg,warning,498,197,534,251
dayClip13--00175.jpg,warning,845,310,875,355
dayClip13--00175.jpg,warning,620,219,653,255
dayClip13--00175.jpg,warning,505,213,529,240
dayClip13--00176.jpg,warning,854,322,875,353
dayClip13--00176.jpg,warning,623,216,653,261
dayClip13--00176.jpg,warning,505,209,529,245
dayClip13--00177.jpg,warning,859,319,883,355
dayClip13--00177.jpg,warning,623,217,656,253
dayClip13--00177.jpg,warning,504,210,528,241
dayClip13--00178.jpg,warning,867,308,885,344
dayClip13--00178.jpg,warning,624,203,657,252
dayClip13--00178.jpg,warning,499,192,529,237
dayClip13--00179.jpg,warning,626,198,659,252
dayClip13--00179.jpg,warning,498,188,531,237
dayClip13--00179.jpg,warning,871,317,892,344
dayClip13--00180.jpg,warning,628,204,658,235
dayClip13--00180.jpg,warning,501,194,525,225
dayClip13--00180.jpg,warning,876,307,900,343
dayClip13--00181.jpg,warning,626,188,662,242
dayClip13--00181.jpg,warning,495,184,528,224
dayClip13--00181.jpg,warning,882,302,906,342
dayClip13--00182.jpg,warning,630,186,663,231
dayClip13--00182.jpg,warning,495,168,528,222
dayClip13--00182.jpg,warning,888,296,912,336
dayClip13--00183.jpg,warning,630,176,666,221
dayClip13--00183.jpg,warning,494,162,524,211
dayClip13--00183.jpg,warning,893,295,920,326
dayClip13--00184.jpg,warning,901,288,928,324
dayClip13--00184.jpg,warning,631,165,667,219
dayClip13--00184.jpg,warning,494,157,521,202
dayClip13--00185.jpg,warning,908,286,935,331
dayClip13--00185.jpg,warning,636,168,669,217
dayClip13--00185.jpg,warning,496,164,520,200
dayClip13--00186.jpg,warning,638,175,671,220
dayClip13--00186.jpg,warning,496,169,520,200
dayClip13--00186.jpg,warning,915,295,942,335
dayClip13--00187.jpg,warning,642,174,675,223
dayClip13--00187.jpg,warning,494,167,524,198
dayClip13--00187.jpg,warning,924,302,951,338
dayClip13--00188.jpg,warning,934,304,958,340
dayClip13--00188.jpg,warning,645,181,675,217
dayClip13--00188.jpg,warning,490,149,523,212
dayClip13--00189.jpg,warning,942,308,966,344
dayClip13--00189.jpg,warning,642,164,684,227
dayClip13--00189.jpg,warning,492,158,522,203
dayClip13--00190.jpg,warning,951,304,978,340
dayClip13--00190.jpg,warning,648,157,687,220
dayClip13--00190.jpg,warning,492,153,522,193
dayClip13--00191.jpg,warning,959,289,989,334
dayClip13--00191.jpg,warning,650,148,689,202
dayClip13--00191.jpg,warning,490,137,523,182
dayClip13--00192.jpg,warning,482,109,530,176
dayClip13--00192.jpg,warning,656,130,689,193
dayClip13--00192.jpg,warning,969,280,999,325
dayClip13--00193.jpg,warning,488,113,521,162
dayClip13--00193.jpg,warning,656,123,695,186
dayClip13--00193.jpg,warning,980,276,1010,316
dayClip13--00194.jpg,warning,486,106,519,160
dayClip13--00194.jpg,warning,658,121,700,179
dayClip13--00194.jpg,warning,990,278,1020,314
dayClip13--00195.jpg,warning,482,116,521,152
dayClip13--00195.jpg,warning,662,124,701,182
dayClip13--00195.jpg,warning,1001,285,1031,321
dayClip13--00196.jpg,warning,483,113,519,162
dayClip13--00196.jpg,warning,666,132,705,177
dayClip13--00196.jpg,warning,1015,291,1042,327
dayClip13--00197.jpg,warning,481,111,517,160
dayClip13--00197.jpg,warning,669,121,708,188
dayClip13--00197.jpg,warning,1027,292,1054,328
dayClip13--00198.jpg,warning,479,105,518,163
dayClip13--00198.jpg,warning,672,121,714,188
dayClip13--00198.jpg,warning,1042,298,1066,334
dayClip13--00199.jpg,warning,481,97,517,155
dayClip13--00199.jpg,warning,676,112,721,184
dayClip13--00199.jpg,warning,1052,287,1085,341
dayClip13--00200.jpg,warning,478,89,517,138
dayClip13--00200.jpg,warning,684,110,723,164
dayClip13--00200.jpg,warning,1072,290,1096,326
dayClip13--00201.jpg,warning,472,61,520,128
dayClip13--00201.jpg,warning,1088,278,1112,314
dayClip13--00201.jpg,warning,688,97,727,146
dayClip13--00202.jpg,warning,472,56,514,114
dayClip13--00202.jpg,warning,1102,275,1129,306
dayClip13--00202.jpg,warning,691,78,733,141
dayClip13--00203.jpg,warning,470,50,512,113
dayClip13--00203.jpg,warning,1116,273,1149,313
dayClip13--00203.jpg,warning,694,72,739,139
dayClip13--00204.jpg,warning,469,46,511,104
dayClip13--00204.jpg,warning,1135,269,1168,318
dayClip13--00204.jpg,warning,698,64,746,136
dayClip13--00205.jpg,warning,704,52,755,124
dayClip13--00205.jpg,warning,1162,276,1180,303
dayClip13--00205.jpg,warning,466,33,511,91
dayClip13--00206.jpg,warning,712,39,760,106
dayClip13--00206.jpg,warning,461,8,512,80
dayClip13--00206.jpg,warning,1176,256,1212,301
dayClip13--00207.jpg,warning,717,27,768,94
dayClip13--00207.jpg,warning,461,0,509,63
dayClip13--00207.jpg,warning,1197,248,1236,302
dayClip13--00208.jpg,warning,724,15,775,91
dayClip13--00208.jpg,warning,458,0,506,51
dayClip13--00208.jpg,warning,1221,245,1257,308
dayClip13--00209.jpg,warning,728,1,782,82
dayClip13--00209.jpg,warning,452,0,500,44
dayClip13--00209.jpg,warning,1246,238,1280,305
dayClip13--00210.jpg,warning,734,0,788,67
dayClip13--00305.jpg,stop,476,308,488,326
dayClip13--00305.jpg,stop,603,352,618,379
dayClip13--00306.jpg,stop,604,354,616,372
dayClip13--00306.jpg,stop,474,308,486,326
dayClip13--00307.jpg,stop,604,349,616,371
dayClip13--00307.jpg,stop,469,303,487,330
dayClip13--00308.jpg,stop,604,346,616,364
dayClip13--00308.jpg,stop,470,298,485,320
dayClip13--00309.jpg,stop,467,296,482,314
dayClip13--00310.jpg,stop,470,298,482,316
dayClip13--00311.jpg,stop,602,348,614,366
dayClip13--00311.jpg,stop,468,302,480,320
dayClip13--00312.jpg,stop,603,346,615,364
dayClip13--00312.jpg,stop,468,298,480,316
dayClip13--00313.jpg,stop,604,340,616,358
dayClip13--00313.jpg,stop,464,292,482,310
dayClip13--00314.jpg,stop,604,337,616,359
dayClip13--00314.jpg,stop,464,288,479,315
dayClip13--00315.jpg,stop,604,340,619,358
dayClip13--00315.jpg,stop,466,289,478,316
dayClip13--00340.jpg,stop,654,332,669,354
dayClip13--00340.jpg,stop,486,274,501,292
dayClip13--00341.jpg,stop,657,332,669,350
dayClip13--00341.jpg,stop,486,272,501,290
dayClip13--00342.jpg,stop,659,332,671,350
dayClip13--00342.jpg,stop,486,269,501,296
dayClip13--00343.jpg,stop,659,328,674,350
dayClip13--00343.jpg,stop,488,268,500,286
dayClip13--00344.jpg,stop,659,328,674,346
dayClip13--00344.jpg,stop,486,265,498,287
dayClip13--00345.jpg,stop,657,332,675,350
dayClip13--00345.jpg,stop,483,270,498,288
dayClip13--00346.jpg,stop,659,336,671,354
dayClip13--00346.jpg,stop,480,272,498,294
dayClip13--00347.jpg,stop,658,338,670,356
dayClip13--00347.jpg,stop,479,271,491,302
dayClip13--00348.jpg,stop,658,334,670,356
dayClip13--00348.jpg,stop,478,269,490,296
dayClip13--00349.jpg,stop,658,326,670,348
dayClip13--00349.jpg,stop,474,260,489,287
dayClip13--00350.jpg,stop,657,320,669,338
dayClip13--00350.jpg,stop,472,250,487,281
dayClip13--00400.jpg,stop,616,284,634,315
dayClip13--00400.jpg,stop,340,191,358,218
dayClip13--00401.jpg,stop,614,281,641,326
dayClip13--00401.jpg,stop,340,188,358,219
dayClip13--00402.jpg,stop,620,284,641,320
dayClip13--00402.jpg,stop,338,188,362,219
dayClip13--00403.jpg,stop,619,280,646,320
dayClip13--00403.jpg,stop,342,187,360,214
dayClip13--00404.jpg,stop,625,282,646,318
dayClip13--00404.jpg,stop,342,187,360,214
dayClip13--00405.jpg,stop,626,283,653,328
dayClip13--00405.jpg,stop,343,188,364,215
dayClip13--00406.jpg,stop,634,291,652,318
dayClip13--00406.jpg,stop,346,193,364,220
dayClip13--00407.jpg,stop,632,289,659,334
dayClip13--00407.jpg,stop,346,195,367,222
dayClip13--00408.jpg,stop,639,291,660,318
dayClip13--00408.jpg,stop,348,191,369,218
dayClip13--00409.jpg,stop,640,282,667,336
dayClip13--00409.jpg,stop,348,186,372,213
dayClip13--00410.jpg,stop,648,284,666,320
dayClip13--00410.jpg,stop,350,182,374,209
dayClip13--00411.jpg,stop,644,274,677,328
dayClip13--00411.jpg,stop,352,177,373,204
dayClip13--00412.jpg,stop,653,276,674,307
dayClip13--00412.jpg,stop,352,170,376,201
dayClip13--00413.jpg,stop,651,264,681,318
dayClip13--00413.jpg,stop,352,165,376,192
dayClip13--00414.jpg,stop,659,266,680,302
dayClip13--00414.jpg,stop,355,161,376,188
dayClip13--00415.jpg,stop,654,257,690,320
dayClip13--00415.jpg,stop,354,159,378,186
dayClip13--00450.jpg,stop,727,261,757,306
dayClip13--00450.jpg,stop,364,129,388,174
dayClip13--00451.jpg,stop,727,261,757,306
dayClip13--00451.jpg,stop,364,130,388,166
dayClip13--00452.jpg,stop,731,259,758,304
dayClip13--00452.jpg,stop,360,124,390,173
dayClip13--00453.jpg,stop,731,259,758,304
dayClip13--00453.jpg,stop,360,127,390,167
dayClip13--00454.jpg,stop,733,261,760,306
dayClip13--00454.jpg,stop,362,128,386,173
dayClip13--00455.jpg,stop,729,254,768,326
dayClip13--00455.jpg,stop,361,129,388,169
dayClip13--00456.jpg,stop,735,261,765,306
dayClip13--00456.jpg,stop,360,127,390,167
dayClip13--00457.jpg,stop,733,253,769,316
dayClip13--00457.jpg,stop,361,123,388,168
dayClip13--00458.jpg,stop,737,257,767,302
dayClip13--00458.jpg,stop,362,121,386,166
dayClip13--00459.jpg,stop,737,257,767,302
dayClip13--00459.jpg,stop,362,121,386,166
dayClip13--00460.jpg,stop,360,121,390,161
dayClip13--00460.jpg,stop,739,257,769,302
dayClip13--00461.jpg,stop,361,120,388,160
dayClip13--00461.jpg,stop,760,255,793,309
dayClip13--00462.jpg,stop,362,122,386,158
dayClip13--00462.jpg,stop,741,257,771,302
dayClip13--00463.jpg,stop,358,122,388,158
dayClip13--00463.jpg,stop,760,255,793,309
dayClip13--00464.jpg,stop,352,116,394,174
dayClip13--00464.jpg,stop,740,257,773,302
dayClip13--00465.jpg,stop,360,119,387,164
dayClip13--00465.jpg,stop,760,255,793,309
dayClip13--00466.jpg,stop,360,120,387,156
dayClip13--00466.jpg,stop,745,254,775,303
dayClip13--00467.jpg,stop,360,117,387,162
dayClip13--00467.jpg,stop,760,255,793,309
dayClip13--00468.jpg,stop,358,117,388,162
dayClip13--00468.jpg,stop,746,257,776,302
dayClip13--00469.jpg,stop,360,119,384,159
dayClip13--00469.jpg,stop,760,255,793,309
dayClip13--00470.jpg,stop,360,120,384,156
dayClip13--00470.jpg,stop,746,256,779,310